Name,Team,Overall Rating,Nationality,Position,Height(cm),Age,Weight(kg),Jersey,Years in NBA,Prior to NBA,Salary,Speed,Acceleration,Strength,Pass Accuracy
Trae Young,Atlanta Hawks,89,United States,PG,185,24,74,11,5,Oklahoma,37096500,84,84,50,80
Dejounte Murray,Atlanta Hawks,84,United States,PG,196,26,81,5,7,Washington,16571120,83,83,40,85
Clint Capela,Atlanta Hawks,83,Switzerland,C,208,28,115,15,9,Switzerland,18206897,58,57,85,34
Onyeka Okongwu,Atlanta Hawks,81,United States,C,206,22,108,17,3,USC Trojans,16571120,74,74,70,51
John Collins,Atlanta Hawks,80,United States,PF,206,25,102,20,6,Wake Forest,23500000,71,65,75,37
De’Andre Hunter,Atlanta Hawks,80,United States,SF,203,25,99,12,4,Virginia,9835881,76,78,65,67
Saddiq Bey,Atlanta Hawks,79,United States,SF,201,24,97,41,3,Villanova,2959080,63,63,69,64
Bogdan Bogdanovic,Atlanta Hawks,79,Serbia,SG,196,30,101,13,9,Serbia,18000000,75,75,63,74
AJ Griffin,Atlanta Hawks,76,United States,SF,198,19,99,14,1,Duke,3536160,84,84,64,69
Jalen Johnson,Atlanta Hawks,76,United States,PF,203,21,99,1,2,Duke,2792640,76,76,68,68
Bruno Fernando,Atlanta Hawks,75,Angola,C,208,24,108,24,4,Maryland,1902133,74,74,85,52
Aaron Holiday,Atlanta Hawks,73,United States,SG,183,26,83,3,5,UCLA,1968175,76,77,49,82
Garrison Mathews,Atlanta Hawks,73,United States,SF,198,26,97,25,4,Lipscomb,2000000,50,50,44,71
Trent Forrest,Atlanta Hawks,71,United States,PG,193,24,95,2,3,Florida State,2045883,82,82,59,70
Vit Krejci,Atlanta Hawks,70,Czech Republic,SG,203,25,88,27,3,Czech Republic,1563518,75,75,40,69
Tyrese Martin,Atlanta Hawks,69,United States,SF,198,24,97,22,1,UConn,1017781,70,70,59,65
Donovan Williams,Atlanta Hawks,68,United States,SG,198,22,86,4,1,UNLV,239822,70,70,52,64
Jayson Tatum,Boston Celtics,95,United States,PF,203,25,95,0,6,Duke,30351780,82,82,71,78
Jaylen Brown,Boston Celtics,90,United States,SG,198,26,100,7,7,California,26669643,79,79,69,78
Robert Williams III,Boston Celtics,83,United States,C,206,25,107,44,5,Texas A&M,10714287,71,62,83,57
Malcolm Brogdon,Boston Celtics,83,United States,PG,193,30,103,13,7,Virginia,22600000,77,77,56,89
Marcus Smart,Boston Celtics,82,United States,SG,193,29,99,36,9,Oklahoma State,16607142,75,82,73,75
Al Horford,Boston Celtics,80,Dominican Republic,C,206,36,108,42,16,Florida,26500000,53,48,91,79
Derrick White,Boston Celtics,80,United States,SG,193,28,86,9,6,Colorado,16392857,90,90,46,88
Danilo Gallinari,Boston Celtics,78,Italy,PF,208,34,106,8,15,Italy,6479000,60,60,66,66
Grant Williams,Boston Celtics,76,United States,PF,198,24,106,12,4,Tennessee,4306281,58,60,73,69
Blake Griffin,Boston Celtics,75,United States,C,206,34,113,91,14,Oklahoma,1766970,68,71,85,75
Mike Muscala,Boston Celtics,75,United States,C,211,31,108,57,10,Bucknell,3500000,43,37,76,60
Sam Hauser,Boston Celtics,75,United States,SF,201,25,98,30,2,Virginia,1637966,61,61,66,50
Luke Kornet,Boston Celtics,74,United States,C,218,27,113,40,5,Vanderbilt,2133278,38,37,66,50
Payton Pritchard,Boston Celtics,73,United States,PG,185,25,88,11,3,Oregon Ducks,2239200,75,75,41,79
Justin Champagnie,Boston Celtics,70,United States,SF,198,21,93,11,2,Pittsburgh,1637966,73,73,40,62
Mfiondu Kabengele,Boston Celtics,70,Canada,PF,208,25,113,28,4,Florida State,1761752,72,70,75,34
JD Davison,Boston Celtics,69,United States,PG,185,20,88,20,1,Alabama,1761752,85,85,54,72
Mikal Bridges,Brooklyn Nets,87,United States,SF,198,26,94,1,5,Villanova,21000000,80,80,68,78
Nicolas Claxton,Brooklyn Nets,84,United States,C,211,24,97,33,4,Georgia,8500000,69,69,71,40
Spencer Dinwiddie,Brooklyn Nets,83,United States,PG,196,30,97,26,9,Colorado,20171427,82,82,45,88
Cameron Johnson,Brooklyn Nets,80,United States,PF,203,27,95,2,4,North Carolina,5887899,70,69,60,59
Ben Simmons,Brooklyn Nets,78,Australia,PG,208,26,108,10,7,LSU,35448672,92,92,80,79
Cameron Thomas,Brooklyn Nets,78,United States,SG,191,21,95,24,2,LSU,2138160,77,77,54,59
Dorian Finney-Smith,Brooklyn Nets,77,United States,SF,201,29,99,28,7,Florida,12402000,67,67,62,65
Seth Curry,Brooklyn Nets,77,United States,SG,185,32,83,30,9,Duke,8496653,78,78,41,75
Joe Harris,Brooklyn Nets,76,United States,SF,198,31,99,12,9,Virginia,18642857,69,69,40,72
Edmond Sumner,Brooklyn Nets,76,United States,SG,193,27,88,4,6,Xavier,1968175,82,82,40,70
Royce O’Neale,Brooklyn Nets,76,United States,SF,198,29,102,00,6,Baylor,9200000,62,62,67,60
Yuta Watanabe,Brooklyn Nets,75,Japan,SF,203,28,97,18,5,George Washington,2203495,67,67,60,60
Patty Mills,Brooklyn Nets,74,Australia,PG,183,34,81,8,14,Saint Mary's,6479000,83,83,51,79
Day’Ron Sharpe,Brooklyn Nets,73,United States,C,206,21,119,20,2,North Carolina,2109480,61,61,79,62
David Duke Jr.,Brooklyn Nets,72,United States,PG,193,23,92,6,2,Providence,1576305,83,83,55,62
Raiquan Gray,Brooklyn Nets,69,United States,PF,203,23,117,0,2,Florida State,5849,66,66,70,67
Dru Smith,Brooklyn Nets,67,United States,PG,191,25,91,9,2,Missouri,374357,70,70,43,74
LaMelo Ball,Charlotte Hornets,86,United States,PG,201,21,81,1,3,Illawarra Hawks (Australia),8623920,84,84,50,94
Terry Rozier III,Charlotte Hornets,81,United States,SG,185,29,86,3,8,Louisville,21486316,82,82,62,84
Kelly Oubre Jr.,Charlotte Hornets,80,United States,SF,198,27,91,12,8,Kansas,12600000,72,82,58,73
Gordon Hayward,Charlotte Hornets,79,United States,SF,201,33,101,20,13,Butler,30075000,80,77,63,74
Mark Williams,Charlotte Hornets,78,United States,C,213,21,108,5,1,Duke,3722040,65,64,73,44
Nick Richards,Charlotte Hornets,78,Jamaica,C,213,25,110,4,3,Kentucky,1782621,72,70,65,37
P.J. Washington,Charlotte Hornets,77,United States,PF,201,24,104,25,4,Kentucky,5808435,75,75,68,55
Cody Martin,Charlotte Hornets,75,United States,SF,198,27,92,11,4,Nevada,7000000,58,58,58,74
Dennis Smith Jr.,Charlotte Hornets,74,United States,PG,188,25,92,8,6,North Carolina State,2133278,86,87,54,76
Sviatoslav Mykhailiuk,Charlotte Hornets,74,Ukraine,SG,201,25,92,10,5,Kansas,1878720,82,82,54,69
Theo Maledon,Charlotte Hornets,74,France,PG,196,21,79,9,3,ASVEL (France),1900000,77,77,39,84
James Bouknight,Charlotte Hornets,72,United States,SG,193,22,86,2,2,UConn,4362240,87,87,54,69
Bryce McGowens,Charlotte Hornets,72,United States,SG,198,20,79,7,1,Nebraska,1769013,74,74,48,52
J.T. Thor,Charlotte Hornets,72,South Sudan,PF,206,20,91,21,2,Auburn,1563518,84,84,50,65
Kai Jones,Charlotte Hornets,72,United States,C,211,22,99,23,2,Texas,2909040,66,66,65,38
Kobi Simmons,Charlotte Hornets,68,United States,PG,196,25,77,23,6,Arizona,32795,84,84,53,70
Xavier Sneed,Charlotte Hornets,68,United States,SG,196,25,97,19,3,Kansas State,1655120,81,63,40,62
Zach LaVine,Chicago Bulls,87,United States,SG,196,28,90,8,9,UCLA,37096500,84,84,49,79
DeMar DeRozan,Chicago Bulls,87,United States,SG,198,33,99,11,14,Southern California,27300000,82,82,73,73
Nikola Vucevic,Chicago Bulls,84,Montenegro,C,208,32,117,9,12,Southern California,22000000,62,46,89,82
Lonzo Ball,Chicago Bulls,82,United States,PG,198,25,86,2,6,UCLA,19534884,85,85,52,88
Andre Drummond,Chicago Bulls,78,United States,C,211,29,126,3,11,Connecticut,3200000,60,58,95,52
Patrick Williams,Chicago Bulls,77,United States,SF,201,21,97,44,3,Florida State,7775400,70,70,64,60
Javonte Green,Chicago Bulls,77,United States,SG,196,29,92,24,4,Radford,1815677,72,74,46,60
Patrick Beverley,Chicago Bulls,76,United States,PG,185,34,81,21,14,Arkansas,13000000,76,76,60,75
Alex Caruso,Chicago Bulls,76,United States,PG,196,29,84,6,6,Texas A&M,9030000,82,82,31,78
Coby White,Chicago Bulls,76,United States,PG,193,23,88,0,4,North Carolina,7413955,85,85,56,77
Derrick Jones Jr.,Chicago Bulls,76,United States,SF,198,26,95,5,7,UNLV,3200000,77,76,59,65
Ayo Dosunmu,Chicago Bulls,74,United States,PG,196,23,90,12,2,Illinois,1563518,76,76,52,72
Terry Taylor,Chicago Bulls,74,United States,SG,196,23,104,21,2,Austin Peay,1563518,77,77,69,60
Dalen Terry,Chicago Bulls,73,United States,SF,201,20,88,25,1,Arizona,3191400,76,76,58,76
Marko Simonović,Chicago Bulls,70,Montenegro,C,213,23,99,19,3,Serbia,1563518,46,46,55,57
Justin Lewis,Chicago Bulls,67,United States,SF,201,21,110,34,1,Marquette,1761752,75,75,50,50
Carlik Jones,Chicago Bulls,67,United States,PG,185,25,83,22,2,Louisville,612162,74,74,50,70
Donovan Mitchell,Cleveland Cavaliers,92,United States,SG,185,26,97,45,6,Louisville,30351780,96,90,60,84
Darius Garland,Cleveland Cavaliers,87,United States,PG,185,23,86,10,4,Vanderbilt,8920795,88,88,40,92
Evan Mobley,Cleveland Cavaliers,86,United States,PF,211,21,97,4,2,USC,8478720,72,72,68,69
Jarrett Allen,Cleveland Cavaliers,84,United States,C,208,24,109,31,6,Texas,20000000,75,72,84,25
Caris LeVert,Cleveland Cavaliers,77,United States,SG,198,28,92,3,7,Michigan,18796296,75,77,54,75
Isaac Okoro,Cleveland Cavaliers,76,United States,SF,196,22,101,35,3,Auburn,7040880,77,77,67,69
Ricky Rubio,Cleveland Cavaliers,75,Spain,PG,188,32,86,13,14,Spain,5853659,75,75,27,84
Cedi Osman,Cleveland Cavaliers,75,North Macedonia,SF,201,28,104,16,8,Turkey,7426088,71,70,59,75
Robin Lopez,Cleveland Cavaliers,74,United States,C,213,35,126,33,15,Stanford,2905851,25,25,75,30
Raul Neto,Cleveland Cavaliers,74,Brazil,PG,188,30,81,19,10,Brazil,2463490,71,75,51,79
Danny Green,Cleveland Cavaliers,73,United States,SF,198,35,97,14,14,UNC,10000000,59,59,60,72
Lamar Stevens,Cleveland Cavaliers,73,United States,PF,198,25,104,8,3,Penn State,1782621,79,79,60,62
Dean Wade,Cleveland Cavaliers,73,United States,PF,206,26,103,32,4,Kansas State,1930681,62,62,60,38
Dylan Windler,Cleveland Cavaliers,71,United States,SG,198,26,88,9,4,Belmont,4037278,68,69,55,62
Sam Merrill,Cleveland Cavaliers,71,United States,PG,193,26,92,50,3,Utah State,1105522,62,62,44,74
Isaiah Mobley,Cleveland Cavaliers,70,United States,PF,203,23,107,15,1,USC,1769013,58,58,62,68
Mamadi Diakite,Cleveland Cavaliers,69,Guinea,C,206,26,103,21,3,Virginia,508891,74,74,65,42
Luka Doncic,Dallas Mavericks,97,Slovenia,PG,201,24,104,77,5,Slovenia,37096500,84,84,72,98
Kyrie Irving,Dallas Mavericks,91,United States,PG,188,31,88,2,12,Duke,36503300,85,85,37,88
Christian Wood,Dallas Mavericks,82,United States,C,206,27,96,35,8,UNLV,14317459,56,59,74,30
Tim Hardaway Jr.,Dallas Mavericks,78,United States,SF,196,31,92,11,10,Michigan,19602273,68,72,55,75
Jaden Hardy,Dallas Mavericks,77,United States,SG,191,20,89,3,1,Coronado High School,1017781,83,83,39,75
Dwight Powell,Dallas Mavericks,77,Canada,C,208,31,108,7,9,Stanford,11080125,71,48,80,55
Reggie Bullock,Dallas Mavericks,77,United States,SG,198,32,92,25,10,North Carolina,10012800,63,67,50,75
JaVale McGee,Dallas Mavericks,76,United States,C,213,35,122,00,15,Nevada,5461219,65,47,75,25
Josh Green,Dallas Mavericks,76,Australia,SF,201,22,90,8,3,Arizona,3098400,86,86,60,70
Maxi Kleber,Dallas Mavericks,75,Germany,PF,208,31,108,42,6,Germany,9000000,45,38,79,70
Markieff Morris,Dallas Mavericks,74,United States,PF,206,33,110,13,12,Kansas,1766970,57,44,84,44
Davis Bertans,Dallas Mavericks,73,Latvia,PF,208,30,101,44,12,Latvia,16000000,57,55,64,38
Justin Holiday,Dallas Mavericks,73,United States,SF,198,34,81,14,10,Washington,6292440,66,71,45,65
Frank Ntilikina,Dallas Mavericks,72,France,PG,193,24,90,21,6,France,2036318,80,82,47,77
Theo Pinson,Dallas Mavericks,72,United States,SG,201,27,95,1,5,North Carolina,1836090,73,77,40,50
McKinley Wright IV,Dallas Mavericks,68,United States,PG,180,24,86,23,2,Colorado,1576305,84,84,32,70
A.J. Lawson,Dallas Mavericks,67,Canada,SG,198,22,81,9,2,South Carolina,1761752,74,74,34,62
Nikola Jokic,Denver Nuggets,97,Serbia,C,211,28,128,15,9,Serbia,32478838,63,62,93,93
Jamal Murray,Denver Nuggets,84,Canada,PG,193,26,97,27,7,Kentucky,31650600,79,79,54,83
Michael Porter Jr.,Denver Nuggets,83,United States,SF,208,24,98,1,5,Missouri,30913750,80,81,68,65
Aaron Gordon,Denver Nuggets,83,United States,PF,203,27,106,50,9,Arizona,19690909,71,67,72,65
Bruce Brown Jr.,Denver Nuggets,77,United States,SG,193,26,91,11,5,Miami (FL),6479000,78,78,75,79
Kentavious Caldwell-Pope,Denver Nuggets,77,United States,SG,196,30,92,5,10,Georgia,14004703,85,82,60,75
Thomas Bryant,Denver Nuggets,76,United States,C,208,25,112,13,6,Indiana,2133278,62,57,80,40
Reggie Jackson,Denver Nuggets,75,United States,PG,188,33,94,7,12,Boston College,11215260,84,84,48,82
Zeke Nnaji,Denver Nuggets,75,United States,C,206,22,108,22,3,Arizona,2617800,77,77,70,33
Jeff Green,Denver Nuggets,75,United States,PF,203,36,106,32,16,Georgetown,4500000,63,57,70,69
Christian Braun,Denver Nuggets,73,United States,SG,198,22,99,0,1,Kansas,2808600,83,83,46,69
Ish Smith,Denver Nuggets,73,United States,PG,183,34,79,14,13,Wake Forest,4725000,87,87,32,86
Vlatko Cancar,Denver Nuggets,73,Slovenia,PF,203,26,106,31,6,Slovenia,2234359,60,60,63,52
DeAndre Jordan,Denver Nuggets,72,United States,C,211,34,119,6,15,Texas A&M,2905851,65,53,85,25
Peyton Watson,Denver Nuggets,71,United States,SF,201,20,90,8,1,UCLA,2193960,77,77,55,60
Collin Gillespie,Denver Nuggets,68,United States,PG,185,23,88,21,1,Villanova,1769013,82,82,33,79
Jack White,Denver Nuggets,67,Australia,SF,201,25,101,10,1,Australia,1761752,56,57,55,55
Cade Cunningham,Detroit Pistons,84,United States,PG,201,21,99,2,2,Oklahoma State,10552800,83,83,62,83
Bojan Bogdanovic,Detroit Pistons,82,Croatia,PF,201,34,102,44,12,Croatia,19343000,67,62,60,77
Jaden Ivey,Detroit Pistons,81,United States,PG,193,21,88,23,1,Purdue,7252200,92,92,54,84
Jalen Duren,Detroit Pistons,80,United States,PF,211,19,113,0,1,Memphis,4124280,73,73,81,59
James Wiseman,Detroit Pistons,79,United States,C,213,25,108,13,3,Memphis,9603360,70,70,70,54
Marvin Bagley III,Detroit Pistons,79,United States,PF,208,24,106,35,5,Duke,12500000,73,74,80,47
Isaiah Stewart,Detroit Pistons,78,United States,C,203,21,113,28,3,Washington,3433320,63,62,80,44
Hamidou Diallo,Detroit Pistons,77,United States,SF,196,24,91,6,5,Kentucky,5200000,85,85,52,75
Alec Burks,Detroit Pistons,77,United States,SF,198,31,96,5,12,Colorado,10012800,78,78,48,72
Killian Hayes,Detroit Pistons,75,France,PG,196,21,88,7,3,Ratiopharm Ulm (Germany),5837760,79,79,56,82
R.J. Hampton,Detroit Pistons,74,United States,SG,193,22,79,14,3,New Zealand,2412840,90,90,54,75
Cory Joseph,Detroit Pistons,74,Canada,PG,191,31,90,18,12,Texas,5155000,72,72,40,80
Eugene Omoruyi,Detroit Pistons,74,Canada,SF,198,26,106,97,2,Oregon,1013119,70,70,52,65
Isaiah Livers,Detroit Pistons,74,United States,SG,198,24,104,12,2,Michigan,1563518,73,73,55,68
Rodney McGruder,Detroit Pistons,73,United States,SG,193,31,92,17,7,Kansas State,2298385,71,69,45,68
Jared Rhoden,Detroit Pistons,69,United States,SG,198,23,95,8,1,Seton Hall,307089,68,68,62,55
Buddy Boeheim,Detroit Pistons,68,United States,SG,198,23,92,27,1,Syracuse,1769013,57,57,44,62
Stephen Curry,Golden State Warriors,96,United States,PG,188,35,83,30,14,Davidson,48070014,84,84,48,93
Klay Thompson,Golden State Warriors,86,United States,SG,198,33,99,11,12,Washington State,40600080,71,74,62,77
Jordan Poole,Golden State Warriors,84,United States,SG,193,23,87,3,4,Michigan,3901399,81,81,61,83
Draymond Green,Golden State Warriors,83,United States,PF,198,33,104,23,11,Michigan State,25806469,73,74,85,83
Andrew Wiggins,Golden State Warriors,82,Canada,SF,201,28,89,22,9,Kansas,33616770,82,82,57,72
Jonathan Kuminga,Golden State Warriors,78,DR Congo,SF,201,20,101,00,2,G League Ignite,5739840,84,84,73,69
Kevon Looney,Golden State Warriors,78,United States,C,206,27,100,5,8,UCLA,7000000,58,69,74,55
Donte DiVincenzo,Golden State Warriors,77,United States,SG,193,26,91,0,5,Villanova,4500000,89,89,60,77
Gary Payton II,Golden State Warriors,77,United States,SG,188,30,88,8,6,Oregon State,8300000,81,81,48,75
JaMychal Green,Golden State Warriors,77,United States,PF,206,32,102,1,8,Alabama,2628597,59,55,69,55
Andre Iguodala,Golden State Warriors,75,United States,PF,198,39,97,9,19,Arizona,2905851,77,77,73,75
Ty Jerome,Golden State Warriors,75,United States,PG,196,25,88,10,4,Virginia,4220057,69,69,56,84
Moses Moody,Golden State Warriors,73,United States,SF,196,20,95,4,2,Arkansas,3740160,73,73,68,65
Anthony Lamb,Golden State Warriors,73,United States,SF,198,25,102,40,2,Vermont,1602798,62,62,65,66
Patrick Baldwin Jr.,Golden State Warriors,72,United States,SF,206,20,99,7,1,Wisconsin–Milwaukee,2226000,57,57,69,55
Ryan Rollins,Golden State Warriors,68,United States,SG,191,20,86,2,1,Toledo,1017781,86,86,39,70
Lester Quiñones,Golden State Warriors,67,United States,SG,196,22,94,25,1,Memphis,1761752,70,70,44,64
Jalen Green,Houston Rockets,84,United States,SG,193,21,84,4,2,G League Ignite,9441840,88,88,55,77
Alperen Sengun,Houston Rockets,83,Turkey,C,211,20,109,28,2,Turkey,3375360,52,52,76,74
Kevin Porter Jr.,Houston Rockets,81,United States,SG,193,22,91,3,4,Southern California,3217631,85,85,52,82
Jabari Smith Jr.,Houston Rockets,79,United States,PF,211,19,99,1,1,Auburn,8882640,76,76,60,65
Tari Eason,Houston Rockets,79,United States,SF,203,21,97,17,1,LSU,3359160,80,80,70,50
Kenyon Martin Jr.,Houston Rockets,79,United States,PF,201,22,97,6,3,Sierra Canyon High School,1782621,83,83,62,64
Jae’Sean Tate,Houston Rockets,77,United States,SF,196,27,104,8,5,Ohio State,7065217,69,69,65,70
Josh Christopher,Houston Rockets,75,United States,SG,193,21,97,9,2,Arizona State,2372160,84,84,55,68
Frank Kaminsky,Houston Rockets,75,United States,PF,213,30,108,33,8,Wisconsin,1836090,47,53,66,40
Usman Garuba,Houston Rockets,74,Spain,PF,203,21,103,16,2,Spain,2471160,68,68,70,60
Boban Marjanovic,Houston Rockets,73,Serbia,C,224,34,131,51,8,Serbia,3500000,25,25,71,60
Willie Cauley-Stein,Houston Rockets,73,United States,C,213,29,108,00,8,Kentucky,155738,70,64,77,68
TyTy Washington,Houston Rockets,72,United States,PG,191,21,88,0,1,Kentucky,2210040,80,80,54,68
D.J. Augustin,Houston Rockets,70,United States,PG,180,35,82,4,15,Texas,633938,82,82,28,82
Daishen Nix,Houston Rockets,70,United States,PG,193,21,102,15,2,Trinity International,1563518,90,90,63,72
Trevor Hudgins,Houston Rockets,68,United States,PG,183,24,81,12,1,Northwest Missouri State,1637975,75,75,42,70
Darius Days,Houston Rockets,67,United States,PF,201,23,110,5,1,LSU,1761752,70,70,66,49
Tyrese Haliburton,Indiana Pacers,89,United States,SG,196,23,83,0,3,Iowa State,4215120,83,83,59,98
Myles Turner,Indiana Pacers,85,United States,C,211,27,113,33,8,Texas,17500000,56,32,74,31
Buddy Hield,Indiana Pacers,80,Bahamas,SG,193,30,99,24,7,Oklahoma,20522728,75,78,41,70
Bennedict Mathurin,Indiana Pacers,79,United States,SG,196,20,95,00,1,Arizona,6586800,84,84,54,75
T.J. McConnell,Indiana Pacers,78,United States,PG,185,31,86,9,8,Arizona,8100000,76,76,44,88
Andrew Nembhard,Indiana Pacers,77,Canada,PG,191,23,86,2,1,Gonzaga,2244111,76,76,46,80
Isaiah Jackson,Indiana Pacers,76,United States,C,206,21,92,22,2,Kentucky,2573760,73,73,65,40
Jalen Smith,Indiana Pacers,76,United States,C,206,23,97,25,3,Maryland Terrapins,4670160,69,68,65,29
Jordan Nwora,Indiana Pacers,76,Nigeria,SF,206,24,101,13,3,Louisville Cardinals,2011516,59,57,60,52
Aaron Nesmith,Indiana Pacers,76,United States,SF,196,23,97,23,3,Vanderbilt Commodores,3804360,68,68,52,69
Chris Duarte,Indiana Pacers,75,Canada,SG,196,25,86,3,2,Oregon,3936960,65,65,59,77
Daniel Theis,Indiana Pacers,75,Germany,PF,203,31,110,27,6,Germany,8694369,57,67,82,69
Oshae Brissett,Indiana Pacers,73,Canada,PF,201,24,95,12,4,Syracuse,1846738,63,67,75,47
George Hill,Indiana Pacers,73,United States,PG,193,36,85,7,15,IUPUI,4000000,76,76,52,78
James Johnson,Indiana Pacers,71,United States,PF,201,36,108,16,14,Wake Forest,3841067,67,55,80,70
Kendall Brown,Indiana Pacers,69,United States,SF,201,19,92,10,1,Baylor,508891,74,74,44,70
Gabe York,Indiana Pacers,67,United States,PG,191,29,86,32,2,Arizona,32171,80,80,54,75
Kawhi Leonard,Los Angeles Clippers,92,United States,SF,201,31,101,2,12,San Diego State,42492492,84,84,79,79
Paul George,Los Angeles Clippers,89,United States,SF,203,32,99,13,13,Fresno State,42492568,79,79,70,78
Russell Westbrook,Los Angeles Clippers,81,United States,PG,191,34,90,0,15,UCLA,47063478,96,96,75,82
Ivica Zubac,Los Angeles Clippers,81,Croatia,C,213,26,108,40,7,Croatia,10123457,26,25,75,70
Mason Plumlee,Los Angeles Clippers,80,United States,C,213,33,114,44,10,Duke,8525000,57,41,73,75
Norman Powell,Los Angeles Clippers,79,United States,SF,193,29,97,24,8,UCLA,16758621,79,83,46,74
Bones Hyland,Los Angeles Clippers,77,United States,SG,188,22,76,5,2,VCU,2201520,87,87,32,74
Robert Covington,Los Angeles Clippers,77,United States,PF,201,32,94,23,9,Tennessee State,12307692,68,69,62,60
Terance Mann,Los Angeles Clippers,77,United States,SF,196,26,97,14,4,Florida State,1930681,71,70,50,79
Eric Gordon,Los Angeles Clippers,76,United States,SG,191,34,97,10,15,Indiana,19568360,79,79,60,69
Marcus Morris Sr.,Los Angeles Clippers,75,United States,PF,203,33,98,8,12,Kansas,16372093,73,47,75,60
Nicolas Batum,Los Angeles Clippers,74,France,PF,203,34,104,33,15,France,10843350,68,64,65,70
Brandon Boston Jr.,Los Angeles Clippers,74,United States,SG,198,21,85,4,2,Kentucky,1563518,79,79,50,64
Amir Coffey,Los Angeles Clippers,72,United States,SF,201,25,95,7,4,Minnesota,3395062,75,75,52,72
Jason Preston,Los Angeles Clippers,71,United States,PG,191,23,81,0,2,Ohio,1563518,82,82,52,84
Moussa Diabate,Los Angeles Clippers,69,France,PF,208,21,95,25,1,Michigan,508891,73,73,60,42
Xavier Moon,Los Angeles Clippers,67,United States,PG,188,28,74,15,2,Morehead State,1637966,73,73,44,66
LeBron James,Los Angeles Lakers,97,United States,SF,206,38,113,6,20,St. Vincent–St. Mary High School,44474988,87,87,89,90
Anthony Davis,Los Angeles Lakers,94,United States,PF,208,30,114,3,11,Kentucky,37980720,79,78,92,60
D’Angelo Russell,Los Angeles Lakers,83,United States,PG,193,27,87,1,8,Ohio State,31377750,81,81,54,87
Austin Reaves,Los Angeles Lakers,81,United States,SG,196,24,89,15,2,Oklahoma,1563518,83,83,44,70
Jarred Vanderbilt,Los Angeles Lakers,80,United States,PF,203,24,96,2,5,Kentucky,4320000,75,76,70,60
Dennis Schroder,Los Angeles Lakers,77,Germany,PG,185,29,77,17,10,Germany,2641682,84,88,46,82
Mohamed Bamba,Los Angeles Lakers,77,United States,C,213,24,104,12,5,Texas,10300000,75,61,68,35
Rui Hachimura,Los Angeles Lakers,76,Japan,PF,203,25,104,28,4,Gonzaga,6263188,72,74,79,51
Malik Beasley,Los Angeles Lakers,76,United States,SG,193,26,84,5,7,Florida State,15458035,75,75,55,69
Lonnie Walker IV,Los Angeles Lakers,76,United States,SG,193,24,92,4,5,Miami (FL),6479000,91,91,64,70
Wenyen Gabriel,Los Angeles Lakers,75,Sudan,PF,206,26,92,35,4,Kentucky,1878720,66,64,69,55
Tristan Thompson,Los Angeles Lakers,73,Canada,C,206,32,107,11,12,Texas,1200000,63,52,74,31
Troy Brown Jr.,Los Angeles Lakers,73,United States,SF,198,23,97,7,5,Oregon,1968175,70,71,58,75
Max Christie,Los Angeles Lakers,71,United States,SG,198,20,86,10,1,Michigan State,1017781,87,87,55,68
Shaquille Harrison,Los Angeles Lakers,69,United States,PG,201,29,86,3,5,Tulsa,134862,73,75,45,79
Scotty Pippen Jr.,Los Angeles Lakers,68,United States,PG,185,22,77,14,1,Vanderbilt,508891,82,82,39,70
Cole Swider,Los Angeles Lakers,67,United States,PF,206,23,99,20,1,Syracuse,1910534,52,52,54,55
Ja Morant,Memphis Grizzlies,92,United States,PG,191,23,78,12,4,Murray State,12119440,95,95,52,96
Jaren Jackson Jr.,Memphis Grizzlies,87,United States,PF,208,23,109,13,5,Michigan State,28946605,63,65,72,45
Desmond Bane,Memphis Grizzlies,85,United States,SF,196,27,97,22,3,Texas Christian,2130240,74,74,56,82
Steven Adams,Memphis Grizzlies,82,New Zealand,C,211,29,119,4,10,Pittsburgh,17926829,48,37,81,69
Tyus Jones,Memphis Grizzlies,80,United States,PG,188,26,88,21,8,Duke,15000000,71,71,34,84
Dillon Brooks,Memphis Grizzlies,79,Canada,SF,198,27,101,24,6,Oregon,11400000,75,75,65,59
Brandon Clarke,Memphis Grizzlies,78,Canada,PF,203,26,97,15,4,Gonzaga,4343920,82,83,64,59
Xavier Tillman,Memphis Grizzlies,78,United States,C,201,25,110,2,3,Michigan State,1782621,46,44,72,62
Santi Aldama,Memphis Grizzlies,77,Spain,C,213,22,97,7,2,Loyola,2094120,44,44,70,60
Luke Kennard,Memphis Grizzlies,77,United States,SG,196,26,93,10,6,Duke,13745455,69,68,40,76
David Roddy,Memphis Grizzlies,73,United States,SF,193,22,115,27,1,Colorado State,2588640,75,74,73,62
Ziaire Williams,Memphis Grizzlies,72,United States,SF,206,21,83,8,2,Stanford,4591680,87,87,40,50
Jake LaRavia,Memphis Grizzlies,72,United States,SF,201,21,106,3,1,Wake Forest,3047640,59,59,62,69
John Konchar,Memphis Grizzlies,72,United States,SF,196,27,95,46,4,Fort Wayne,2300000,62,63,40,74
Kenneth Lofton Jr.,Memphis Grizzlies,72,United States,PF,198,20,124,6,1,Louisiana Tech,1769013,64,64,82,60
Vince Williams Jr.,Memphis Grizzlies,69,United States,SG,193,22,92,5,1,VCU,1910534,68,68,52,69
Jacob Gilyard,Memphis Grizzlies,69,United States,PG,175,24,72,0,1,Richmond,5849,89,89,32,84
Jimmy Butler,Miami Heat,93,United States,SF,201,33,104,22,12,Marquette,37653300,84,83,76,84
Bam Adebayo,Miami Heat,87,United States,C,206,25,115,13,6,Kentucky,30351780,74,74,85,72
Tyler Herro,Miami Heat,84,United States,SG,196,23,88,14,4,Kentucky,5722116,79,78,59,79
Kyle Lowry,Miami Heat,77,United States,PG,183,37,88,7,17,Villanova,28333334,84,84,67,80
Kevin Love,Miami Heat,76,United States,PF,203,34,113,42,15,UCLA,28942830,66,38,77,65
Victor Oladipo,Miami Heat,76,United States,PG,193,30,96,4,10,Indiana,8750000,81,81,66,75
Max Strus,Miami Heat,76,United States,SF,196,27,97,31,4,DePaul,1815677,76,76,40,72
Caleb Martin,Miami Heat,76,United States,SG,196,27,92,16,4,Nevada,6479000,55,55,58,62
Gabe Vincent,Miami Heat,75,Nigeria,SG,191,26,90,2,3,UC Santa Barbara,1815677,73,73,40,74
Cody Zeller,Miami Heat,75,United States,C,213,30,108,40,10,Indiana,743922,70,40,75,68
Omer Yurtseven,Miami Heat,75,Turkey,C,211,24,124,77,1,Georgetown,1752638,53,52,70,50
Nikola Jovic,Miami Heat,74,Serbia,SF,208,19,92,5,1,Serbia,2239920,68,68,44,69
Duncan Robinson,Miami Heat,74,United States,SG,201,28,97,55,4,Michigan,16902000,59,59,35,66
Orlando Robinson,Miami Heat,72,United States,C,213,22,106,25,1,Fresno State,386055,49,49,64,52
Udonis Haslem,Miami Heat,70,United States,PF,203,42,106,40,20,Florida,1766970,54,33,73,29
Jamal Cain,Miami Heat,70,United States,SF,201,24,86,8,1,Oakland,1961752,66,66,60,44
Haywood Highsmith,Miami Heat,70,United States,SG,193,26,99,24,5,Wheeling,1752638,70,70,50,55
Giannis Antetokounmpo,Milwaukee Bucks,97,Greece,PF,213,28,109,34,10,Greece,42492492,90,87,94,84
Jrue Holiday,Milwaukee Bucks,88,United States,PG,196,32,92,21,14,UCLA,32544000,79,79,49,84
Khris Middleton,Milwaukee Bucks,86,United States,SF,201,31,100,22,11,Texas A&M,37948276,71,72,73,78
Brook Lopez,Milwaukee Bucks,85,United States,C,216,35,127,11,15,Stanford,13906976,25,25,89,35
Bobby Portis,Milwaukee Bucks,82,United States,C,211,28,113,9,8,Arkansas,10843350,65,64,80,55
Jae Crowder,Milwaukee Bucks,78,United States,PF,198,32,106,99,11,Marquette,10183800,68,69,82,65
Joe Ingles,Milwaukee Bucks,76,Australia,SF,206,35,99,7,9,Australia,6479000,66,67,64,75
Pat Connaughton,Milwaukee Bucks,75,United States,SF,196,30,94,24,8,Notre Dame,5728393,77,78,45,69
Grayson Allen,Milwaukee Bucks,75,United States,SG,193,27,89,12,5,Duke,8500000,84,78,44,70
Jevon Carter,Milwaukee Bucks,75,United States,SG,185,27,90,5,5,West Virginia,2100000,76,78,60,75
Goran Dragic,Milwaukee Bucks,73,Slovenia,PG,193,36,86,7,15,Slovenia,2905851,76,76,44,80
Wesley Matthews,Milwaukee Bucks,72,United States,SG,196,36,99,23,14,Marquette,2905851,70,75,55,72
MarJon Beauchamp,Milwaukee Bucks,72,United States,SG,201,22,90,0,1,Yakima Valley,2485200,76,76,52,65
Meyers Leonard,Milwaukee Bucks,72,United States,PF,213,31,115,3,11,Illinois,713558,43,38,65,30
Thanasis Antetokounmpo,Milwaukee Bucks,72,Greece,PF,201,30,99,43,9,Greece,1878720,77,75,42,54
A.J. Green,Milwaukee Bucks,71,United States,SG,196,23,86,20,1,Northern Iowa,1637975,69,69,42,61
Lindell Wigginton,Milwaukee Bucks,70,Canada,PG,185,25,85,28,1,Iowa State,2174849,75,75,44,69
Anthony Edwards,Minnesota Timberwolves,86,United States,SG,193,21,101,1,3,Georgia,10733400,89,89,52,74
Karl-Anthony Towns,Minnesota Timberwolves,86,Dominican Republic,C,213,27,112,32,8,Kentucky,33833400,76,76,87,60
Rudy Gobert,Minnesota Timberwolves,84,France,C,216,30,116,27,10,France,38172414,48,25,87,68
Mike Conley,Minnesota Timberwolves,80,United States,PG,185,35,79,10,16,Ohio State,22680000,83,84,40,90
Naz Reid,Minnesota Timberwolves,80,United States,C,206,23,119,11,4,LSU,1930681,50,49,80,59
Jaden McDaniels,Minnesota Timberwolves,79,United States,PF,206,22,83,3,3,Washington,2161440,79,78,60,44
Kyle Anderson,Minnesota Timberwolves,78,United States,PF,206,29,104,5,9,UCLA,8780488,66,67,62,78
Jaylen Nowell,Minnesota Timberwolves,77,United States,SG,193,23,90,4,4,Washington,1930681,81,80,39,64
Taurean Prince,Minnesota Timberwolves,75,United States,PF,198,29,98,12,7,Baylor,7100000,80,78,60,68
Nickeil Alexander-Walker,Minnesota Timberwolves,74,Canada,SG,196,24,92,9,4,Virginia Tech,5009633,72,75,60,75
Austin Rivers,Minnesota Timberwolves,74,United States,SG,193,30,90,25,11,Duke,2905851,77,77,44,75
Jordan McLaughlin,Minnesota Timberwolves,73,United States,PG,183,27,83,6,4,Southern California,2160000,72,72,52,83
Nathan Knight,Minnesota Timberwolves,73,United States,C,203,25,114,13,3,William & Mary,1836090,67,65,75,55
Luka Garza,Minnesota Timberwolves,73,United States,C,208,24,109,55,2,Iowa,1816044,40,40,69,55
Wendell Moore Jr.,Minnesota Timberwolves,71,United States,SG,196,21,97,7,1,Duke,2306520,70,70,58,57
Matt Ryan,Minnesota Timberwolves,71,United States,SF,198,26,97,37,1,Tennessee-Chattanooga,1602798,55,55,54,65
Josh Minott,Minnesota Timberwolves,70,United States,SF,203,20,92,8,1,Memphis,1017781,72,72,62,62
Zion Williamson,New Orleans Pelicans,92,United States,PF,198,22,128,1,4,Duke,13534817,86,86,92,65
Brandon Ingram,New Orleans Pelicans,87,United States,SF,203,25,86,14,7,Duke,31650600,74,74,42,75
C.J. McCollum,New Orleans Pelicans,84,United States,SG,191,31,86,3,10,Lehigh,33333333,82,84,60,78
Jonas Valanciunas,New Orleans Pelicans,83,Lithuania,C,211,30,119,17,12,Lithuania,14700000,62,46,89,36
Trey Murphy,New Orleans Pelicans,80,United States,PF,203,22,93,25,2,Virginia,3206520,84,84,60,59
Herbert Jones,New Orleans Pelicans,79,United States,SF,201,24,93,5,2,Alabama,1785000,74,74,59,69
Larry Nance Jr.,New Orleans Pelicans,77,United States,PF,203,30,110,22,8,Wyoming,9672727,65,60,69,69
Jose Alvarado,New Orleans Pelicans,77,Puerto Rico,PG,183,25,81,15,2,Georgia Tech,1563518,76,76,42,75
Willy Hernangomez,New Orleans Pelicans,76,Spain,C,211,28,113,9,8,Spain,2443581,44,46,74,30
Dyson Daniels,New Orleans Pelicans,75,Australia,SG,201,20,90,11,1,Australia,5508600,79,84,52,82
Josh Richardson,New Orleans Pelicans,75,United States,SG,198,29,90,4,8,Tennessee,12196094,80,80,57,69
Jaxson Hayes,New Orleans Pelicans,75,United States,C,213,22,99,10,4,Texas,6803012,58,60,72,29
Naji Marshall,New Orleans Pelicans,75,United States,SF,201,24,99,8,3,Xavier,1782621,62,62,60,67
Kira Lewis Jr.,New Orleans Pelicans,73,United States,PG,185,22,77,13,3,Alabama Crimson Tide,4004280,92,93,49,75
E.J. Liddell,New Orleans Pelicans,70,United States,PF,198,22,109,32,1,Ohio State,508891,73,73,65,59
Garrett Temple,New Orleans Pelicans,70,United States,SG,198,36,88,41,13,LSU,5155500,57,57,44,75
Dereon Seabron,New Orleans Pelicans,67,United States,SG,196,22,81,0,1,NC State,511816,83,85,83,64
Julius Randle,New York Knicks,87,United States,PF,203,28,113,30,9,Kentucky,2316240,73,76,87,74
Jalen Brunson,New York Knicks,87,United States,PG,188,26,86,11,5,Villanova,27733332,82,82,42,87
R.J. Barrett,New York Knicks,82,Canada,SF,198,22,96,9,4,Duke,10900635,84,84,76,79
Immanuel Quickley,New York Knicks,82,United States,SG,188,23,86,5,3,Kentucky,2316240,82,82,54,84
Mitchell Robinson,New York Knicks,80,United States,C,213,25,108,23,5,Chalmette HS (LA),5954454,48,25,70,70
Josh Hart,New York Knicks,79,United States,SF,193,28,97,3,6,Villanova,12960000,81,83,44,73
Quentin Grimes,New York Knicks,78,United States,SG,196,22,95,6,2,Kansas,2277000,86,86,63,70
Obi Toppin,New York Knicks,77,United States,PF,206,25,99,1,3,Dayton Flyers,5348280,70,69,74,55
Derrick Rose,New York Knicks,76,United States,PG,191,34,90,4,15,Memphis,14520730,86,86,50,83
Jericho Sims,New York Knicks,76,United States,PF,208,24,113,45,2,Texas,1637966,80,80,65,30
Isaiah Hartenstein,New York Knicks,76,Germany,C,213,24,113,55,6,Germany,7804879,62,62,62,50
Evan Fournier,New York Knicks,74,France,SG,198,30,92,13,11,France,18000000,71,70,40,75
Isaiah Roby,New York Knicks,74,United States,PF,203,25,104,18,4,Nebraska,1930681,74,72,60,48
Miles McBride,New York Knicks,73,United States,SG,188,22,88,2,2,West Virginia,1563518,86,86,44,70
Duane Washington Jr.,New York Knicks,73,Germany,PG,191,23,89,4,2,Ohio State,1836090,79,79,42,66
DaQuan Jeffries,New York Knicks,70,United States,SF,196,25,104,8,4,Tulsa,799403,79,79,57,55
Trevor Keels,New York Knicks,68,United States,SG,193,19,99,0,1,Duke,1761752,74,74,60,74
Shai Gilgeous-Alexander,Oklahoma City Thunder,94,Canada,PG,198,24,88,2,5,Kentucky,30913750,86,86,60,96
Josh Giddey,Oklahoma City Thunder,84,Australia,SG,203,20,97,3,2,Australia,6287400,79,79,60,96
Jalen Williams,Oklahoma City Thunder,82,United States,SG,196,22,95,8,1,Santa Clara,4341480,88,88,50,78
Luguentz Dort,Oklahoma City Thunder,78,Canada,SG,193,24,99,5,4,Arizona State,15277778,79,78,70,62
Isaiah Joe,Oklahoma City Thunder,78,United States,SG,191,23,74,11,3,Arkansas,1782621,72,74,47,67
Chet Holmgren,Oklahoma City Thunder,77,United States,PF,216,20,88,7,1,Gonzaga,9891240,75,75,45,60
Aleksej Pokusevski,Oklahoma City Thunder,77,Serbia,SF,213,21,95,17,3,Olympiacos Piraeus (EuroLeague),3261480,60,60,49,59
Kenrich Williams,Oklahoma City Thunder,77,United States,SF,198,28,95,34,5,TCU,2000000,66,66,63,69
Dario Saric,Oklahoma City Thunder,76,Croatia,C,208,29,101,9,9,Croatia,9240000,63,69,65,75
Jaylin Williams,Oklahoma City Thunder,75,United States,PF,206,20,108,6,1,Arkansas,2000000,50,50,60,62
Tre Mann,Oklahoma City Thunder,75,United States,PG,191,22,80,23,2,Florida,3046200,74,74,53,80
Jeremiah Robinson-Earl,Oklahoma City Thunder,75,United States,PF,203,22,108,50,2,Villanova,2000000,62,62,60,65
Aaron Wiggins,Oklahoma City Thunder,74,United States,SG,196,24,86,21,2,Maryland,1563518,84,84,45,64
Lindy Waters III,Oklahoma City Thunder,74,United States,SF,198,25,95,12,1,Oklahoma State,1655120,60,60,33,69
Ousmane Dieng,Oklahoma City Thunder,73,France,PF,206,19,83,13,1,France,4569840,78,78,49,69
Jared Butler,Oklahoma City Thunder,73,United States,SG,191,22,87,13,2,Baylor,1563518,80,80,50,69
Olivier Sarr,Oklahoma City Thunder,67,France,C,211,24,108,31,2,Kentucky,90665,65,63,63,50
Paolo Banchero,Orlando Magic,84,United States,PF,208,20,113,5,1,Duke,11055120,80,80,77,70
Franz Wagner,Orlando Magic,84,Germany,SF,208,21,99,22,2,Michigan,5258280,70,70,65,80
Wendell Carter Jr.,Orlando Magic,82,United States,C,208,24,122,34,5,Duke,14150000,68,55,82,56
Markelle Fultz,Orlando Magic,82,United States,PG,193,24,94,20,6,Washington,16500000,86,85,56,86
Cole Anthony,Orlando Magic,80,United States,PG,191,22,83,50,3,North Carolina Tar Heels,3613680,84,84,59,82
Jonathan Isaac,Orlando Magic,78,United States,PF,208,25,104,1,6,Florida State,17400000,73,76,70,65
Moritz Wagner,Orlando Magic,78,Germany,PF,211,25,110,21,5,Michigan,1878720,73,67,78,54
Bol Bol,Orlando Magic,78,Sudan,C,218,23,99,10,4,Oregon,2200000,68,68,65,50
Jalen Suggs,Orlando Magic,76,United States,PG,196,21,92,4,2,Gonzaga,6922320,88,88,59,78
Goga Bitadze,Orlando Magic,75,Georgia,C,211,23,113,35,4,Georgia,4765339,53,54,78,54
Gary Harris,Orlando Magic,75,United States,SG,193,28,95,14,9,Michigan State,13000000,75,75,53,75
Chuma Okeke,Orlando Magic,74,United States,PF,198,24,103,3,4,Auburn,3433320,70,70,60,65
Caleb Houstan,Orlando Magic,71,Canada,SF,203,20,92,2,1,Michigan,2000000,78,78,40,62
Michael Carter-Williams,Orlando Magic,71,United States,PG,196,31,86,7,10,Syracuse,652829,74,74,38,78
Admiral Schofield,Orlando Magic,70,United Kingdom,SF,196,26,108,25,4,Tennessee,1576305,59,59,65,59
Kevon Harris,Orlando Magic,69,United States,SG,198,25,97,7,1,Stephen F. Austin,1761752,71,71,58,64
Jay Scrubb,Orlando Magic,67,United States,SG,196,22,99,0,3,John A. Logan Volunteers,49719,74,74,55,57
Joel Embiid,Philadelphia 76ers,97,Cameroon,C,213,29,126,21,9,Kansas,33616770,69,69,95,68
James Harden,Philadelphia 76ers,90,United States,SG,196,33,99,1,14,Arizona State,33000000,87,87,71,82
Tyrese Maxey,Philadelphia 76ers,84,United States,PG,188,21,90,0,3,Kentucky,2726880,89,89,44,84
Tobias Harris,Philadelphia 76ers,81,United States,PF,201,30,102,12,12,Tennessee,37633050,75,59,73,77
De’Anthony Melton,Philadelphia 76ers,78,United States,SG,188,24,90,8,5,Southern California,8250000,76,76,44,78
Shake Milton,Philadelphia 76ers,77,United States,SG,196,26,92,18,5,SMU,1997718,77,79,38,79
Montrezl Harrell,Philadelphia 76ers,76,United States,C,201,29,108,5,8,Louisville,12637170,62,57,94,35
Jalen McDaniels,Philadelphia 76ers,76,United States,SF,206,25,92,7,4,San Diego State,1930681,73,73,60,55
Paul Reed,Philadelphia 76ers,76,United States,PF,206,23,95,44,3,DePaul,1782621,49,47,62,48
P.J. Tucker,Philadelphia 76ers,75,United States,PF,196,37,110,17,17,Texas,10490000,63,63,82,70
Dewayne Dedmon,Philadelphia 76ers,74,United States,C,213,33,110,14,10,Southern California,4700000,44,39,80,25
Danuel House Jr.,Philadelphia 76ers,73,United States,SF,198,29,99,25,7,Texas A&M,4105000,63,60,50,69
Georges Niang,Philadelphia 76ers,73,United States,PF,201,29,104,20,7,Iowa State,3465000,44,46,60,65
Jaden Springer,Philadelphia 76ers,71,United States,PG,193,20,91,11,2,Tennessee,2125200,82,82,49,75
Furkan Korkmaz,Philadelphia 76ers,71,Turkey,SF,201,25,91,30,7,Turkey,5000000,70,69,50,54
Mac McClung,Philadelphia 76ers,69,United States,PG,188,24,83,9,2,Texas Tech,2174849,79,79,48,75
Louis King,Philadelphia 76ers,68,United States,SF,201,24,92,23,4,Oregon,307089,74,74,67,55
Kevin Durant,Phoenix Suns,96,United States,PF,208,34,108,35,16,Texas,42969845,80,80,63,78
Devin Booker,Phoenix Suns,92,United States,SG,196,26,93,1,8,Kentucky,33833400,79,79,59,89
Chris Paul,Phoenix Suns,87,United States,PG,183,37,79,3,18,Wake Forest,28400000,80,80,62,90
Deandre Ayton,Phoenix Suns,84,Bahamas,C,211,24,113,22,5,Arizona,30913750,75,65,85,53
Josh Okogie,Phoenix Suns,78,Nigeria,SF,193,24,96,2,5,Georgia Tech,1968175,90,90,46,69
T.J. Warren,Phoenix Suns,77,United States,SF,203,29,99,21,9,North Carolina State,2628597,61,61,75,65
Cameron Payne,Phoenix Suns,77,United States,PG,185,28,82,15,8,Murray State,6000000,75,75,39,75
Darius Bazley,Phoenix Suns,76,United States,PF,206,22,97,55,4,Princeton HS (OH),4264629,73,75,60,50
Terrence Ross,Phoenix Suns,76,United States,SG,198,32,93,8,11,Washington,11500000,74,74,48,69
Landry Shamet,Phoenix Suns,75,United States,SG,193,26,86,14,5,Wichita State,9500000,85,85,41,79
Torrey Craig,Phoenix Suns,75,United States,SF,201,32,99,0,6,USC Upstate,5121951,63,61,49,52
Jock Landale,Phoenix Suns,75,Australia,C,211,27,115,11,2,Australia,1563518,54,54,64,58
Damion Lee,Phoenix Suns,75,United States,SG,196,30,95,10,5,Louisville,2133278,68,68,55,62
Bismack Biyombo,Phoenix Suns,75,DR Congo,C,203,30,115,18,12,Republic of the Congo,2905851,48,48,80,25
Saben Lee,Phoenix Suns,73,United States,PG,188,23,82,38,3,Vanderbilt,1752638,74,74,52,80
Ish Wainright,Phoenix Suns,73,United States,SG,196,28,113,12,2,Baylor,1816044,81,81,82,52
Damian Lillard,Portland Trail Blazers,95,United States,PG,188,32,88,0,11,Weber State,42492492,88,88,63,92
Anfernee Simons,Portland Trail Blazers,83,United States,PG,191,23,81,1,5,IMG Academy (FL),22321429,86,89,41,87
Jusuf Nurkic,Portland Trail Blazers,82,Bosnia & Herzegovina,C,213,28,131,27,9,Bosnia and Herzegovina,15625000,51,37,90,60
Jerami Grant,Portland Trail Blazers,82,United States,PF,203,29,95,9,9,Syracuse,20955000,77,77,69,69
Shaedon Sharpe,Portland Trail Blazers,78,Canada,SG,196,19,90,17,1,Kentucky,6012960,89,89,50,67
Drew Eubanks,Portland Trail Blazers,77,United States,C,208,26,110,24,5,Oregon State,1836090,61,62,68,42
Trendon Watford,Portland Trail Blazers,77,United States,PF,203,22,107,2,2,LSU,1563518,63,63,79,59
Matisse Thybulle,Portland Trail Blazers,76,United States,SF,196,26,90,4,4,Washington,4379527,76,76,59,55
Nassir Little,Portland Trail Blazers,75,United States,SF,196,23,99,10,4,North Carolina,4171548,77,79,70,52
Cam Reddish,Portland Trail Blazers,75,United States,SF,201,23,98,5,4,Duke,5954454,85,85,52,68
Justise Winslow,Portland Trail Blazers,74,United States,SF,198,27,100,26,8,Duke,4097561,75,75,65,75
Skylar Mays,Portland Trail Blazers,72,United States,SG,193,25,92,4,3,LSU,2011516,70,70,42,74
Jabari Walker,Portland Trail Blazers,71,United States,PF,201,20,90,34,1,Colorado,1017781,75,75,46,52
Keon Johnson,Portland Trail Blazers,71,United States,SG,191,27,83,6,2,Tennessee,2681040,97,97,40,75
Kevin Knox,Portland Trail Blazers,71,United States,SF,201,23,97,11,5,Kentucky,3000000,75,75,70,59
Jeenathan Williams,Portland Trail Blazers,70,United States,SG,196,24,92,23,1,Buffalo,52644,68,68,52,65
Justin Minaya,Portland Trail Blazers,69,United States,SF,201,24,95,35,1,Providence,35096,70,70,55,65
Chance Comanche,Portland Trail Blazers,68,United States,C,208,27,95,35,6,Arizona,26000,61,61,65,52
Ibou Badji,Portland Trail Blazers,67,Senegal,C,216,20,108,41,1,Senegal,18226,66,66,70,58
John Butler,Portland Trail Blazers,67,United States,C,213,20,86,21,0,Florida State,503041,47,47,68,44
De’Aaron Fox,Sacramento Kings,89,United States,PG,191,25,83,5,6,Kentucky,30351780,97,97,46,85
Domantas Sabonis,Sacramento Kings,89,Lithuania,PF,216,26,108,10,7,Gonzaga,18500000,48,44,82,82
Kevin Huerter,Sacramento Kings,81,United States,SG,201,24,89,9,5,Maryland,14508929,84,78,50,74
Malik Monk,Sacramento Kings,80,United States,SG,191,25,90,0,6,Kentucky,9472219,80,81,48,75
Keegan Murray,Sacramento Kings,79,United States,SF,203,22,101,13,1,Iowa,8008440,76,76,60,65
Harrison Barnes,Sacramento Kings,79,United States,SF,203,30,101,40,11,UNC,18352273,77,72,70,72
Trey Lyles,Sacramento Kings,77,Canada,PF,206,27,105,41,8,Kentucky,2625000,54,55,69,55
Terence Davis,Sacramento Kings,76,United States,SF,193,25,90,3,4,Mississippi,4000000,73,70,44,77
Chimezie Metu,Sacramento Kings,76,Nigeria,PF,206,26,101,7,5,Southern California,1910860,52,52,69,48
Davion Mitchell,Sacramento Kings,75,United States,PG,183,24,91,15,2,Baylor,4833600,82,82,60,82
Richaun Holmes,Sacramento Kings,75,United States,C,203,29,106,22,8,Bowling Green,11215260,57,55,79,42
Alex Len,Sacramento Kings,74,Ukraine,C,218,29,113,25,10,Maryland,3918600,43,44,75,31
P.J. Dozier,Sacramento Kings,74,United States,SF,198,26,92,35,5,South Carolina,784654,83,83,40,68
Kessler Edwards,Sacramento Kings,71,United States,SF,201,22,91,17,2,Pepperdine,1637966,72,72,77,50
Neemias Queta,Sacramento Kings,70,Portugal,C,213,23,112,88,2,Utah State,1769013,59,59,76,52
Matthew Dellavedova,Sacramento Kings,69,Australia,PG,191,32,90,8,10,Saint Mary's,2628597,70,65,35,75
Keon Ellis,Sacramento Kings,68,United States,SG,191,23,79,23,1,Alabama,1769013,81,80,39,64
Keldon Johnson,San Antonio Spurs,83,United States,SF,196,23,99,3,4,Kentucky,3873025,76,78,70,74
Devin Vassell,San Antonio Spurs,81,United States,SF,196,22,90,24,3,Florida State,4437000,72,72,60,76
Zach Collins,San Antonio Spurs,80,United States,PF,211,25,113,23,6,Gonzaga,7350000,66,65,60,30
Tre Jones,San Antonio Spurs,79,United States,PG,185,23,83,33,3,Duke,1782621,80,80,60,85
Jeremy Sochan,San Antonio Spurs,78,Poland,PF,203,19,104,10,1,Baylor,5063520,70,70,60,68
Malaki Branham,San Antonio Spurs,76,United States,SF,193,19,81,22,1,Ohio State,2925600,82,82,55,59
Keita Bates-Diop,San Antonio Spurs,76,United States,SF,203,27,103,31,5,Ohio State,1878720,77,77,60,58
Devonte’ Graham,San Antonio Spurs,76,United States,PG,185,28,88,4,5,Kansas,11550000,82,82,34,82
Charles Bassey,San Antonio Spurs,75,United States,C,206,22,104,28,2,Western Kentu...,1563518,77,77,69,35
Doug McDermott,San Antonio Spurs,74,United States,PF,198,31,101,17,9,Creighton,13750000,59,53,60,65
Khem Birch,San Antonio Spurs,74,Canada,C,203,30,105,92,6,UNLV,6667500,71,67,73,25
Sandro Mamukelashvili,San Antonio Spurs,73,Georgia,C,208,23,108,54,2,Seton Hall,758395,59,59,73,62
Gorgui Dieng,San Antonio Spurs,73,Senegal,C,208,33,112,41,10,Louisville,2641682,43,46,73,31
Romeo Langford,San Antonio Spurs,73,United States,SG,196,23,97,35,4,Indiana,5634257,81,81,42,70
Blake Wesley,San Antonio Spurs,72,United States,PG,193,20,83,14,1,Notre Dame,2385480,78,78,40,69
Dominick Barlow,San Antonio Spurs,68,United States,SF,206,19,99,26,1,St. Joseph's Prep,1761752,68,68,62,51
Julian Champagnie,San Antonio Spurs,68,United States,SG,201,21,98,30,1,St. John's,1769013,69,69,37,66
Pascal Siakam,Toronto Raptors,87,Cameroon,PF,203,29,104,43,7,New Mexico State,35448672,76,78,70,72
Scottie Barnes,Toronto Raptors,83,United States,PF,203,21,101,4,2,Florida State,7644600,82,82,74,77
Fred VanVleet,Toronto Raptors,83,United States,SG,183,29,89,23,7,Wichita State,21250000,83,83,42,89
OG Anunoby,Toronto Raptors,82,United Kingdom,SF,201,25,104,3,6,Indiana,17357143,81,83,68,58
Jakob Poeltl,Toronto Raptors,81,Austria,C,216,27,110,19,7,Utah,9398148,51,37,79,69
Gary Trent Jr.,Toronto Raptors,80,United States,SG,196,24,94,33,5,Duke,17280000,85,85,58,70
Chris Boucher,Toronto Raptors,79,Saint Lucia,PF,206,30,90,25,5,Oregon,12690000,57,55,80,33
Precious Achiuwa,Toronto Raptors,78,Nigeria,C,203,23,101,5,3,Memphis,2840160,75,74,78,36
Thaddeus Young,Toronto Raptors,76,United States,PF,203,34,106,21,16,Georgia Tech,8000000,72,63,80,69
Otto Porter Jr.,Toronto Raptors,76,United States,PF,203,29,89,32,10,Georgetown,6000000,68,67,60,70
Dalano Banton,Toronto Raptors,75,Canada,SF,201,23,92,45,2,Nebraska,1563518,76,76,66,78
Will Barton,Toronto Raptors,74,United States,SG,196,32,81,5,11,Memphis,14375000,75,75,54,75
Christian Koloko,Toronto Raptors,73,Cameroon,C,213,22,104,35,1,Arizona,1500000,72,72,59,37
Malachi Flynn,Toronto Raptors,73,United States,PG,185,24,79,22,3,San Diego State Aztecs,2145720,73,73,44,74
Joe Wieskamp,Toronto Raptors,70,United States,SG,198,23,92,11,2,Muscatine,1816044,84,84,30,64
Jeff Dowtin,Toronto Raptors,69,United States,PG,191,25,80,20,1,Rhode Island,1761752,70,70,30,70
Ron Harper Jr.,Toronto Raptors,68,United States,SG,196,23,110,8,1,Rutgers,1761752,69,69,47,58
Lauri Markkanen,Utah Jazz,86,Finland,PF,213,25,108,23,6,Arizona,16475454,63,60,61,55
Walker Kessler,Utah Jazz,83,United States,C,213,21,110,24,1,Auburn,2696400,37,37,74,42
Jordan Clarkson,Utah Jazz,82,United States,SG,196,30,87,00,9,Missouri,13340000,79,82,54,79
Collin Sexton,Utah Jazz,81,United States,SG,188,24,86,2,5,Alabama,19049014,88,88,58,78
Talen Horton-Tucker,Utah Jazz,79,United States,SF,193,22,105,0,4,Iowa State,10260000,70,70,69,84
Kelly Olynyk,Utah Jazz,79,Canada,PF,211,32,108,41,10,Gonzaga,12804878,31,33,70,60
Ochai Agbaji,Utah Jazz,77,United States,SG,196,23,97,30,1,Kansas,3918360,88,88,64,62
Kris Dunn,Utah Jazz,76,United States,PG,191,29,92,5,7,Providence,1000001,83,83,56,75
Rudy Gay,Utah Jazz,75,United States,PF,203,36,113,22,17,Connecticut,6184500,73,77,65,70
Simone Fontecchio,Utah Jazz,74,Italy,SF,201,27,94,16,1,Italy,3205128,55,55,62,55
Vernon Carey Jr.,Utah Jazz,73,United States,C,208,22,122,13,3,Duke,1782621,49,49,83,39
Damian Jones,Utah Jazz,73,United States,C,211,27,110,15,7,Vanderbilt,2298385,63,55,80,34
Juan Toscano-Anderson,Utah Jazz,72,United States,PF,198,30,94,95,3,Marquette,1902133,68,69,62,69
Udoka Azubuike,Utah Jazz,72,Nigeria,C,211,23,122,20,3,Kansas,2174880,72,70,80,25
Luka Samanic,Utah Jazz,71,Croatia,PF,208,23,102,99,4,Croatia,538317,72,74,63,59
Johnny Juzang,Utah Jazz,68,United States,SF,198,22,94,33,1,UCLA,1761752,70,70,55,59
Micah Potter,Utah Jazz,67,United States,PF,203,25,112,25,2,Wisconsin,508891,43,43,70,54
Bradley Beal,Washington Wizards,87,United States,SG,193,29,93,3,11,Florida,43279250,76,83,62,82
Kristaps Porzingis,Washington Wizards,87,Latvia,C,221,27,108,6,8,Latvia,33833400,66,65,74,50
Kyle Kuzma,Washington Wizards,83,United States,SF,206,27,99,33,6,Utah,13000000,74,74,74,66
Monte Morris,Washington Wizards,79,United States,PG,188,27,82,22,6,Iowa State,9125000,83,83,41,94
Corey Kispert,Washington Wizards,78,United States,SF,198,24,101,24,2,Gonzaga,3552840,76,76,60,66
Delon Wright,Washington Wizards,78,United States,PG,196,30,83,55,8,Utah,7804878,73,73,58,86
Daniel Gafford,Washington Wizards,77,United States,C,208,24,105,21,4,Arkansas,1930681,75,70,73,37
Deni Avdija,Washington Wizards,76,Israel,SF,206,22,95,9,3,Maccabi Tel Aviv (Israel),4916160,73,73,65,79
Kendrick Nunn,Washington Wizards,75,United States,PG,191,27,86,20,4,Oakland,5250000,75,75,55,70
Jordan Goodwin,Washington Wizards,74,United States,SG,191,24,90,7,2,Saint Louis,1280206,75,75,49,78
Taj Gibson,Washington Wizards,73,United States,C,206,37,104,67,14,Southern California,2905851,49,46,83,33
Johnny Davis,Washington Wizards,72,United States,SG,193,21,88,1,1,Wisconsin,4810320,78,78,54,70
Anthony Gill,Washington Wizards,72,United States,PF,203,30,104,16,3,Virginia,1836090,69,67,60,38
Xavier Cooks,Washington Wizards,71,Australia,SF,203,27,82,12,5,Australia,140384,75,75,70,67
Isaiah Todd,Washington Wizards,70,United States,PF,206,21,99,14,2,G League Ignite,1563518,60,60,70,59
Quenton Jackson,Washington Wizards,68,United States,SG,196,24,79,29,1,Texas,219630,85,85,42,70
Jay Huff,Washington Wizards,67,United States,C,216,25,108,36,2,Virginia,1637966,48,47,62,50
